PID,Have you ever used AI tools or assistance in your work?,Which AI tools have you used? (Select all that apply),For what purposes have you used AI tools?,How frequently do you use AI tools in your work?,"To what extent has AI assistance improved your productivity? (1 - Not at all, 2 - Slightly, 3 - Moderately, 4 - Significantly, 5 – Drastically)","How much do you trust the output generated by AI tools? (1 - Not at all, 2 - Slightly, 3 - Moderately, 4 - Significantly, 5 – Drastically)",What challenges have you faced while using AI tools? (Select all that apply),Do you prefer working with GitHub Copilot or with a peer? Please explain.,Do you think your concentration is better when working with GitHub Copilot or with a peer? Please explain.,Do you think the quality of your code is better when working with GitHub Copilot or with a peer? Please explain.,Do you think you work faster with GitHub Copilot or with a peer? Please explain.,Do you trust your solution more when using GitHub Copilot or when consulting a peer? Please explain.,"Do you retain information about your solution more when using GitHub Copilot or when consulting a peer? If asked to solve the tasks again without Copilot or a peer, which solutions would come to mind more easily? Copilot’s? Your peer’s?",Explain your solution briefly for the edge case handling in update_processcount method.,Explain your solution briefly for the fallback logic in get_io_counters method.,Explain your solution briefly for adding the new method serve_limited.,Explain your solution briefly for the logging in the authentification of check_user method.,Explain your solution briefly for adding a PluginStatistics class.,Explain your solution briefly for the optional filtering in the getAll function.,"On a scale of 1 to 10, estimate the overall difficulty of the tasks you were asked to complete. Please specify a number. (1: very easy – 10: very difficult).",To what extent did you rely on the AI's suggestions in your tasks? (1 - Not at all    2 – Slightly.    3 – Moderately  4 - Very much 5 – Completely),To what extent did you rely on your peer’s suggestions in your tasks? (1 - Not at all    2 – Slightly.    3 – Moderately  4 - Very much 5 – Completely),"After completing the tasks, would you do anything differently next time? Please explain.",Any additional comments?
p100,Yes,ChatGPT,"Generating code, Debugging or troubleshooting, Documentation or comments",Occasionally,3,2,"Incorrect or irrelevant suggestions, Ethical concerns about data privacy or security","I think Copilot because it has all the context and I don’t have to waste time explaining it. Furthermore, communicating with a pair in a « written » manner is, in my opinion, less effective.","Copilot, because i’m constantly feeling that I’m annoying the person I ask questions to.","No opinion, I haven’t worked enough with both to judge. Most likely an experienced peer would have more relevant comments on code quality.","Copilot, again because there is no need to explain the context of the classes that I’m writing code into. This saves a lot of time.","Most likely with a peer, because even if suggestions are good and quick helps are appreciated for Copilot, I don’t believe it can appreciate the whole quality of the solution with a broader eye or understanding.","Probably a peer, but it is hard to say. The peer experience feels like I annoy a human, so I most likely will think twice before asking the question. This means I most likely will think about it more, and thus retain more information about the answer if I end up asking it.",N/A,N/A. I had a hard time understanding that task so I skipped it.,"For loop for the number of requests permitted and logging at the beginning and end. I was unsure if there was async issues to deal with, but it seemed the call was a blocking one, so I assumed not.","I added a variable to store the state of the evaluation of the check_password method and used that to add the information to the logger alongside the username. Regarding the return False at the end, i just used the same logger with False as a value.","This was challenging because I don’t think I ever implemented a class in python. I had to figure out the constructor, and then I created two functions that returned the length of the plugin list returned (whether activated or not). I did not like the fact that I had two functions like that, but I could not think of a clean way to use just one with optional parameters.",N/A,3,4,2,"I would read the third peer-assisted task, which I forgot to do and might have helped me spend my time more efficiently. Also, i would give more context to the peer programmer, because i felt lack of context really did not help the person to understand and help me.","I think it is important to take into account the participant’s experience with the programming language. I would have been way more efficient with Dart, C# or even Java :)"
p101,Yes,"ChatGPT, Copilot (GitHub)","Generating code, Documentation or comments, boilerpatle (generation de template de class et module de code )",Daily,3,1,Incorrect or irrelevant suggestions,Copilot because I know it does not bother a peer and that communication is easier. Not need for fancy formatting.,"My concentration stays the same for Copilot and alone. However, with a peer, the human side a thing leads to distraction. There is a social part of the interaction that does not contribute to the code itself. It helps with the mood tho 😉","With a peer, how ever the peer needs to be familiar with the code base and the inform captain of the project otherwise it rarely helps. Copilot is like mentoring a junior developer on that sense.",With copilot I work faster because the feedback loop is faster and there is no fuss. ,I thrust more with a peer because more thoughts when into the solution.,"No applicable, I retain information the same.","I did not finish that one, however, the filter function had already the get status in place, so then it would have been to modify the predicate in order for the function to filter out the edge case depending on the status value, I did not find which status code were an int or an enum, or a string.","I add the timestamp at the end of the array, updated the comment and used the number of seconds since epoch to make it a number like the others in that array. I then notice that changing this array had butterfly effect and updated the case of update by coping that value. I chose the end of the array to not mess with the index so other places that used the index stayed the same.","Added the method, did not get around to add the call to the check in the handle function.",Did not try.,Added the new class and relevant stats in the dictionary,Did not find where the name attribute could be found in order to do a filter on it.,7,2,3,"Yes, I would use VSCode.","Niveau d’experience sur la task en particulier
De prog bas niveau/ de conception"
p102,Yes,"ChatGPT, Copilot (GitHub), Gemini, Claude","Generating code, Debugging or troubleshooting, Documentation or comments, Idea brainstorming",Daily,3,3,"Incorrect or irrelevant suggestions, Ethical concerns about data privacy or security",With Github Copilot because I feel like I have trouble explaining my questions in my clear understandable way.,Around the same,Better with a peer because I am thinking more extensively about the code that I am writing,Faster with GitHub Copilot as it can generate the code instantly,"I trust my code better when consulting a peer because I am always slightly skeptical of AI generated code. In theory, a peer should have better context of the code.","I retain information better from a peer. With Copilot, I tend to do just copy paste code, especially if I am tired. With a peer, I have to translate the words into code.

The peer`s solutions would probably come to mind more easily, although in this test I only asked one specific question.",Stack up the v.get() in the lambda method,Add the timestamp in the else portion at the end,Did not complete,Adding a log after each verification ,Did not complete,"Add an optional parameter and if that parameter is not None, add the filtering",6,3,4,Maybe just re-read the questions more carefully.,nope
p103,Yes,"ChatGPT, Copilot (GitHub), Claude (Anthropic)","Generating code, Debugging or troubleshooting, Documentation or comments, Idea brainstorming",Daily,3,3,Incorrect or irrelevant suggestions,"Github Copilot, as I won`t feel I am disturbing someone too much.","With Copilot, it answers more precisely. ","With Copilot, as it is syntactically correct most of the time, it anticipates, before I even ask. Pair programmer can`t understand in advance what I would need.","With Copilot. It does not ask for a lot of clarifications, it gives the answer directly. ","I trust more the peer, especially if  I know it`s an experienced programmer. On the other hand Copilot  may know better the details of syntax and function parameters to use.","I think the peer, because I would need to spend more time on explaining.",,I just appended the timestamp.,"I checked the threshold of number of requests, if it was exceeded I terminated.",I just logged the username and if the log in was successful using the logging module.,I added the class that inherited from another class. ,I added the filtering option included in the list comprehension.,4,5,3,I would make sure I know how to get certain symbols from the keyboard. With copilot I did not need to worry about it.,Good luck in your study! Feel free to reach out to me!
p104,No,"ChatGPT, Copilot (Microsoft)","Image generation, chatbot for fun",Rarely or never,1,2,"Incorrect or irrelevant suggestions, Ethical concerns about data privacy or security, Didn’t feel the need to add it to my workflow",I preferred the peer. It felt more like they were trying to figure out the answer with me,I didn’t feel a difference,"With a peer. I feel like the suggestions were more structured. It felt like it was made to interact with the rest of my code, not just a one-line function with no context.","It’s similar, but copilot felt a bit faster just from the speed of answers",With a peer. It feels like it would be easier to ask for corrections while I feel like copilot would get lost ,Both feel like I retained them the same,Didn’t have time,Didn’t have time,Didn’t have time,"I checked if the password was right for that username, and if it was, I logged that there was a successful authentification for that username, otherwise I logged a failed authentification.","I used the function to get a list of all active plugins, then returned the size of the result",Didn’t have time,"3 (t looked like pretty easy tasks, I felt like I could have pseudo-code for each task, but I struggled with remembering proper python syntax, so to me it ended up being more like a 9.)",3,4,"Ask for help earlier when stuck, both from copilot and the peer. I feel like it unstuck me each time, I just wasted too much time trying to go by memory.","My understanding of python is a lot worse than I thought. I realized that I tend to lean and move a lot when I work, so I had to force myself to not move too much."
p105,Yes,"ChatGPT, Copilot (GitHub), Google Gemini, Copilot Entreprise","Generating code, Debugging or troubleshooting, Idea brainstorming, Market Research and customer segmentation",Daily,5,4,"Incorrect output, lack of understanding from ai models of what is wanted by me (the user)",Copilot because it generates answers instantly and it is easier to explain to a LLM what I want to achieve.,"AI, as my work style is towards solitary concentration on the problem, not too much distracting myself with another person’s communication style and interpersonal relationships. I feel freer working with ai by myslef",I believe with a peer to peer as people still code slightly better than LLM that don’t necessarily understand the code they write as much as humans do,AI because I can receive answers almost instantly,Peer because a experienced human being understands what the code does internally while ai just outputs the most probable words without comprehension of said words,Easier for me to retain information with ai as I better learn by myself,n/a,n/a,"I implemented a while loop and checked the authentification again and if the authentification wans t adequate, I returned false, else if the authentification was adequate I returned true",I configured the config parameters and I did a simple switch case check for authentification,N/A,N/A,7,4,4,"Given more time, I would first read and reread the code, also if time is not available, I would copy paste the class directly to ai and peer programmer so as to have more time to problem solve/parallel work","It was pleasant, thank you"
p106,Yes,"ChatGPT, Copilot, Perplexity AI, Claude","Idea brainstorming, Explaining certain concepts in different ways",Occasionally,2,3,"Incorrect or irrelevant suggestions, Difficulty integrating AI suggestions into my workflow","With a peer, when working with a peer I feel like they understand the problem and the codebase better. With a peer you can often have random discussions that unexpectedly help solve an unrelated problem, which is something I have yet to see with AI. For repetitive tasks, like logging, using AI is often useful, because it reduces the amount of boilerplate code I have to write.","It depends on the situation. If both me and my coworker are focused on the same problem, I tend to stay focused on the task. If the coworker messages or comes to see me for an unrelated task, I’m less focused, whereas Copilot will not distract me as often. I should not that sometimes copilot makes certain suggestions that aren’t very relevant to the problem at hand, and sometimes that makes me lose focus, because I try to understand why it would suggest something unrelated.","I believe my code quality is better with a peer, since the peer will also focus on readability, and not just the output. Furthermore, the peer also has codebase specific knowledge, they can help reduce the quantity of code I rewrite, because I could reuse a function of class defined somewhere else in the codebase. This is something I noticed copilot struggle with if the function or class is not in the same file.","It depends, for similar reasons stated in Question 15. I think I’m faster with Copilot when writing tests, since the logic for testing is often repetitive and I can very easily validate the output produced by Copilot to make sure the code does what it’s intended to do.",When consulting a peer. Copilot can often hallucinate and produce code that seems correct. Consulting with a peer gives me more confidence that my code is correct.,"I retain information more easily when consulting a peer, since I’m actively focusing on the code and task at hand. With Copilot, it’s very easy to go on autopilot and lose focus, since I’m not as actively engaged as wen I’m coding on my own or with a peer. I also think discussing a problem with a peer helps you remember the problem and solution more easily, since you tend to remember discussions with people, whereas discussing with AI is often less memorable.","I saw there was a comparison of objects with “is”, which checks that the two objects are the same object in memory instead of having the same values, so I changed “is” to “==”",Created the timestamp in the “else” and inserted it at position 0 to avoid placing it before the tag,"Created serve_limited method, which takes a limit as a parameter. Verifies that the limit wasn’t reached before serving a request. Increment a counter each time a request is served. I also added logging to know when we started serving requests, when a request was served and when the limit of served requests was reached.","Added logs when a user tries to log in, when the user is found in the users, when the user successfully logs in, a log warning when the user does not log in successfully.","Created the class, with a method that takes the class with the plugins and calls the method twice, once to get the active plugins, another for the inactive plugins. I take the lengths of the lists to compute the statistics.","I ran out of time, since I spent too much time on PluginStatistics overthinking what to do",4,3,1,I would stop overthinking so much at the start and simply have confidence in my solutions and understanding of the tasks.,
p107,Yes,ChatGPT,"Generating code, Debugging or troubleshooting, Documentation or comments, Idea brainstorming",Occasionally,4,4,Lack of explainability in AI outputs,"GitHub Copilot, because I can freely ask any questions and receive a variety of feedback on topics that I didn’t know that I needed. I can also go deeper in the subject.","Github Copilot, I get the answer I’m looking for quickly and can give me a start even if my question is not clear","With a peer, he can easily comprehend the whole project and can see where my codes can improve, and which logic can be more appropriate for this context. The answer is more precis and personalized.",GitHub Copilot because it can generate the code and give me the exact answer with minimal errors.,"With a peer, because someone with more experience can see things that I didn’t see, and I can easily explain why I think this solution is good. He can understand my thought process and see where I’m trying to go.","My peer, because it generally takes time to get to the answer and I would not like to ask someone for the same answer again so I’m more willing to understand and memorize it. With Copilot, I know I can ask the same question over and over and get the answer so I would not bother memorize it.",n/a,n/a,n/a,n/a,n/a,Create another variable to collect the selected plugins and use the variable to rest of the code.,7,5,1,I didn’t know what to ask the peer programmer since I was too busy reading and understanding the code I think I should have asked to help me understand right away instead of trying by myself so much.,I think the time limit of 15 minutes is short for a unknow project and 3 tasks to accomplished. I spend most of my time trying to understand what to do and very little on solving.
p108,Yes,"ChatGPT, Copilot (GitHub)","Generating code, Debugging or troubleshooting, Documentation or comments",Occasionally,2,1,"Incorrect or irrelevant suggestions, Difficulty integrating AI suggestions into my workflow, Lack of explainability in AI outputs, Ethical concerns about data privacy or security","It depends on the context, if I can have a live discussion with someone, I will prefer a peer, if it is only via chat and the answer is not too much complicated Github Copilot, and if the project is well documented.","I think it is better when working with Github copilot, it is easier to ask it the question because I can just select the source code, with a peer, especially on text, it is more disturbing, answer is longer and you need to provide more context. In a call for instance, a peer would be better.","I don’t think it changes, in both cases, I feel less confident with copilot suggestions than with a pair.",I think Copilot is faster because the answer is really fast.,"Consulting a peer, a peer have maybe more knowledge of the source code and its application.","I don’t think there is a big difference, I have a bad memory in both cases.","Iterate over the plugins given in args, for each, verify if plugin is in the _plugins dicts, and then append result to a list of data.","Did not have time to finish, but what I wanted to do was add a 5th elem to the list, containing the time.time() value right after the initialization.","Start counter at 0, while counter is < than a certain value given in params, handle requests else end.",Not done,Not done,I don’t remember this one.,4,2,2,"Take more time understanding what the tool does, and understand properly what is asked before starting anything.",No thank you.
p109,Yes,"ChatGPT, Copilot (GitHub), Claude","Generating code, Debugging or troubleshooting, Idea brainstorming",Daily,4,2,"Incorrect or irrelevant suggestions, Difficulty integrating AI suggestions into my workflow","Peer. I prefer the human interaction, also, my peer kept asked me questions to give them context about the code which helped me understand better the code overall.",GitHub Copilot. Because I don’t get distracted while waiting for an answer. Getting an immediate response helps me stay focused on the task.,"Github Copilote helps code better because it usually generates clean and commented code, which serves as a template to improve my own coding style. It also forces me to improve my code.","It depends. GitHub Copilot is faster because it provides immediate responses so it’s ideal for short and straightforward tasks. But if I’m working on a new and large codebase, working with a peer is faster because I can ask deeper questions about the structure of the code and about reason some decision were made that would make me reach my productive stage much faster.","I trust a peer more and Copilot, because I’ve experienced many times hallucinations and often Copilot would fail to generate code with the desired result for complex tasks",I retain more information when consulting a peer. A peer helps me get a high level understanding of the code by answering deep questions and explaining some of the decisions and the reasoning behind them. Copilot doesn’t offer that level of explainability.,not applicable,I don’t remember the solution.,"Added a new variable self.requests_handled. Didn’t increment, the variable yet but tried getting the condition right. Called the end method right after the condition ( self.requests_handled == limit, which is a parameter of the method).",not applicable,not applicable,not applicable,7,4,4,"I would’ve asked my peer straight away question about the tasks instead of trying to immediately solve the question. This would’ve added much needed context to the code, and more information that I only discovered later during the task.","The experiment was done using an unfamiliar IDE (I usually code with VSCODE), so my productivity was lower and much of my attention was split on trying to figure the key binds instead of focusing on the task. Also, I was coding using a unfamiliar keyboard layout for the 1st task (QWERTY Canadian instead of QWERTY US). I would suggest either considering these inconsistencies or let the participant use their own custom keybinds/IDE to focus more on the tasks rather than external stimuli."
p110,Yes,ChatGPT,"Generating code, Debugging or troubleshooting, Correcting codes",Daily,4,3,Incorrect or irrelevant suggestions,I prefer working with Github copilot because its faster.,"Yes, i can ask whatever i want without being shy","Yes, because it will search in all the data that Github is trained but the peer will only use his knowledge ","Yes , peer will take more time because its human its not based on alll data that Github has",Depends based on the solution,It depends on the question and how focused i was,I don’t remember ,I don’t remember ,I don’t remember,I don’t remember ,I don’t remember ,I don’t remember ,6,3,2,Maybe ask the peer to answer as he/she doesn’t know the solutions of the questions just as a new work for both of us and answer based on this,
p111,Yes,"ChatGPT, Copilot (GitHub), Copilot inline (not chat), gpt o1, o1-preview, 4o","Generating code, Debugging or troubleshooting, Documentation or comments, Idea brainstorming",Daily,5,4,Lack of explainability in AI outputs,"Copilot, no need to be nice. I can just paste random code and explain later.","Copilot, I don’t have to focus on a conversation, I can focus on the code more.","Copilot, it’s hard to judge the knowledge of the peer.","Copilot, no need to wait or converse","A peer, I can confirm that what I did is good. Copilot has extreme confirmation bias.","Peer, with a peer you need to provide more context and read the code that you copy before sending it over.",N/A,Appended the tag and the time.time() timestamp to the list after importing time,"Serving requests with a counter, but I don’t remember so well.","logging the username, but didn’t finish","Counting plugins that are enabled and disabled, using an argument to do this but a bit vague","Didn’t finish, I was trying to filter using the filter list",7,4,5,I would be more explicit about what I’m trying to achieve with my peer,
p112,Yes,ChatGPT,I wanted to know more about hierarchical state machines,Rarely or never,1,1,"Lack of explainability in AI outputs, Not being used to having it give me code that I should assume is correct and that I am not familiar with","Peer, it is more stimulating.","Peer, it is more stimulating.","Peer, I trust their answers more and we can debate if there is doubt.","Peer, I am not used to Copilot yet so I was not willing to trust its outputs.","Peer, we can debate when there is doubt.","Peer, the experience is much easier to remember. With Copilot, I feel like I lose concentration more.

If I were to do these tasks again, I would do it with a peer or alone.",I do not remember.,I do not remember.,"I knew the solution was to just add a counter member to the server class but I was stumped on figuring out how to get the server requests limit (I was not familiar with the libraries used). Copilot gave me code but I would not trust it unless I understood how the config files worked and what was written in them. Because of the time limit, I ended up just pasting the output from Copilot and moving on.",I just used logger.info(msg...) and concatenated a string with the username. I just changed the message from 'login successful' to 'login failed' depending on which case we were in.,I added second pass to the method where we remove the plugins that were not in the provided filter list.,I do not remember.,6,2,4,"If given a peer, I would ask them more questions. If alone, I would keep looking at how the project works to answer the questions.",It was fun! The eye tracker was cool but the related software seemed to have issues...
p113,Yes,ChatGPT,"Generating code, Debugging or troubleshooting, Documentation or comments, Idea brainstorming",Daily,5,4,"Incorrect or irrelevant suggestions, Difficulty integrating AI suggestions into my workflow, Lack of explainability in AI outputs, Ethical concerns about data privacy or security","I prefer working with GitHub Copilot because I can get responses way faster and with more precision. With the peer, it takes more time since he doesn't have access to all my files.","I think my concentration is better when working with GitHub Copilot because I don't spend more time trying to explain all the code, I can just ask and it gives me an answer which means I can stay focused on the main issues.","I think the quality of my code is better when working with GitHub Copilot because it gives me a direct answer based on my code and the files that I am working on, instead of giving me hints on what I should improve like what the peer did.","I think I work faster with GitHub Copilot because it can give a direct answer to my question. If I ask something to the peer, I have to take more time giving him context and explaining what I am trying to do.","I trust both of them, but I have to say that I trust GitHub Copilot a bit more since it has already access to all my code, so it knows how to perfectly answer the question based on all the files that I am currently working on.","Since I spend more time explaining my code to the peer and since I discuss the answer more with the peer than with the AI, I retain information much more with a peer. If I had to solve the tasks again, the peer's solutions would come to mind more easily since we actually had a discussion about those answers.","I didn't have time to do this task unfortunately, but I would've used all the help needed to get the task done.",It uses the time library to get a timestamp on when the values are initialized.,"I didn't have time to do this task unfortunately, but I would've used all the help needed to get the task done.","I didn't have time to do this task unfortunately, but I would've used all the help needed to get the task done.","I didn't have time to do this task unfortunately, but I would've used all the help needed to get the task done.","I checked if the second parameter was given using the if statement, and returned the plugings whose names where in the filter_list. If the optional parameter was not given, I just returned all the plugins.",10,5,4,"If I am in a time crunch, I would use the AI to speed up my programming. If I want to have a better understanding of the code, I would ask the peer for more help and guidance. Other than that, I wouldn't change anything else.","It was my first time working with this type of program, and I thoroughly enjoyed my experience."
p114,Yes,"ChatGPT, Gemini","Documentation or comments, Research on how to use some libraries",Occasionally,4,2,Incorrect or irrelevant suggestions,Copilot for help on how to use external libraries/code and a peer for brainstorming,"With a peer, I concentrate more because I am more afraid of saying stupid things, and I only concentrate with Copilot when I have to read and validate its output.","It`s more readable when I use Copilot because the auto complete function does a pretty good job with code quality. However, the code is better with a peer because we can talk about the architecture and the design patterns to use which I don't do with copilot.","Copilot, with a peer, you have to explain the context however that's not the case with Copilot.","Consulting a peer, by experience copilot gets a lot of things wrong.","I retain more when using a peer because when copilot autocompletes, I just read to see if it makes sense but I don't really try to learn from what it wrote.",I didn't do it.,"I created a timestamp in the else (where it created the default IO values), I added it at the start of the list. ","I created an attribute to keep count of the number of request served and an attribute for the max number of request to serve. Then in the while loop I serve the request and increase the number of request served. The while stops when the number of request served reaches the max number of requests, then I use an already existing function to stop the server",I just checked if the password was correct by checking what was previously returned and logged the username and the authentication status before returning the result.,"I created the class, this class takes in its constructor an instance of the other class to call (the one that gets the list of enabled and non enabled plugins), created 2 methods, one to get the number of enabled plugin (len of the result of the method of the other existing class) and one to get the disabled plugin (len of the result of the method of the other existing class, with False as parameter)","take an optional param, which is None by default, if it is None, returns what was previously returned (if ... is None), else takes what was previously returned but with an if that checks if it is in the list taken as parameter",3,4,3,"I would not do anything differently, I feel like I was not that bad.",
p115,Yes,"ChatGPT, Copilot (GitHub)","Generating code, Debugging or troubleshooting, Documentation or comments, Idea brainstorming",Occasionally,4,4,Difficulty integrating AI suggestions into my workflow,GitHub Copilot when in chat and a peer when talking ,Same,GitHub Copilot as it knows the norms of the language I am using and reflecting my previous code ,GitHub Copilot because I don't have to plan a call,A peer as the peer can test it,GitHub Copilot as it now (2024) is really good and changed a lot since the start of these type of helpers,"checking if two variables are the same using ""is"" is not a good thing to do as it does not check if the values are the same without taking care about the memory  (==) is better ",just added the timestamp and the tag using +=,adding a function that gets the limit as an input then initialize a counter and add it every time and when the counter gets to the limit end the code using an already implemented function,"checked the boolean that was getting returned and added a condition to know if it is true or not 
True :  log it out with info and providing the username only then returning True
False : log it out with error and providing nothing as we do not want to provide any sensitive data only then returning False",Did not finish it but I wanted to create 2 functions to call one with the enabled and one with the disabled ones and before having an instance of the plugin ,"Adding an optional input filter list and checking if it is None, in this case using the same code 
In the other case modifying the code to check if the elements are in the filter list",3,3,3,Maybe using the peer more often just to have parallel work so I can think and she can too at the same time (as I am already doing for the AI),I had to think to remember what were the questions about
p116,Yes,"ChatGPT, Copilot (GitHub)","Generating code, Debugging or troubleshooting, Documentation or comments, Idea brainstorming, ",Daily,4,3,"Incorrect or irrelevant suggestions, Lack of explainability in AI outputs",GITHUB BECAUSE IT GEENERATE CODE AND I CAN COMPARE,YES ,YES,YES,YES,COPILOT,PUT CONDITIONS,PEER,PEER,PEER,PEER,PEER,7,3,3,USE  AI more,
p117,Yes,"ChatGPT, Copilot (GitHub)","Generating code, Debugging or troubleshooting, Idea brainstorming",Daily,4,5,"prompting clearly my needs, so that the AI understands my goal","copilot, since it has a better understanding of the context of my code it's easier to ask questions","better concentration with copilot because rendering of answer is faster and clearer , I can seamlessly switch my focus from the code to the copilot without really waiting for a response like I would with a peer.",better with copilot because I would just use it to transform parts of my code using prompts and then checking if the  answer is what I wanted to code,I work faster with Copilot because its thought process is faster and requires less active context from myself since it has already processed the entire codebase,"it always read the solution given , whether it's from a peed or copilot",I retain more information when consulting a peer since it implies a longer process of back and forth (clarifying your questions to the peer and providing specific context),"solution given by copilot , can't answer","solution given by copilot, can't answer ","the method has a parameter n_requests_limit, I then initialised a variable counter to 0, I was then looking for a listener method to track the requests to increment accordingly, i wans then going to implement a check if the counter = the limit and self.end()   ",didn't have the time to answer ,didn't have the time to answer ,didn't have the time to answer ,8,4,2,"I would watch more the time, I would not multitask and focus solely on one task at a time",the fact that the subject is limited of movement make the coding experience unatural.
p118,Yes,"ChatGPT, Copilot (GitHub), Claude","Generating code, Debugging or troubleshooting, Idea brainstorming",Daily,3,3,"Incorrect or irrelevant suggestions, Not understanding the generated code making it harder to debug","Github Copilot, because it's usually faster, and you can put a lot of context easily","With github copilot, because you don't have to think about what you are asking, and to be polite ","Depends, if you just ask for the answer to copilot and directly use the code, sometimes some parts are irrelevant, when you code with a peer, all the ideas and code come from you","Github copilot, because the answers are faster and more relevant","Probably Github Copilot, but it depends on the expertise of the peer","when consulting a peer, because you really need to think about the solution. And probably the peer's solution would come to mind more easily because they are a human",I didn't do it,i just added a timestamp ,"i added a for loop with a count as parameter, logging when it starts and finishes","I didn't have the time to finish it, but I would've just logged the username of the connected user ",I didn't do it,"if the function is not passed a filter, same as before, and if it's passed a plugin filter, get the stats for the plugins if it exist",5,3,2,"To be quicker, I would probably use copilot more for the first half, but at the cost of my comprehension",It was interesting to compare my use of ai vs peer programming
p119,Yes,ChatGPT,"Generating code, Debugging or troubleshooting",Daily,5,3,"Incorrect or irrelevant suggestions, Lack of explainability in AI outputs","With a peer 100%. Even though I have to give more context, the peer gives much more reliable information, and is able to assess the certainty of its response (most people mention their uncertainty when they think their response is incomplete or wrong). Github copilot only outperforms the peer in situations where I am under heavy time pressure and I cant afford to understand the code I write.","With a peer, because responses are concise and easy to digest. There might be a teamwork aspect to it as well, but I could'nt explain why.","Under heavy time pressure, Github. Without time pressure, a peer.","Copilot helps me generate code faster, The peer helps me figure out what I'm making faster. Therefore, if I have a strict quality requirement, the peer will help me deliver faster. Otherwise, Copilot wins.","Consulting a peer, because humans will be evaluating the quality of my code, not LLM's. Having a peer approve of my code is therefore closer to the final assessment criteria.","My gut feeling tells me that I have better memory of the peer code, but take this statement with a grain of salt because it is the most recent activity I did, so it is fresher in my memory.",replace is with == in the filtering lambda. Forgot why,I forgot what I did,Ran out of time,Skipped this task as I am unfamiliar with logging,"I made an init with the intention to get an instance of the class on construction, and made methods to get the total plugins, active and inactive plugin counts.",Ran out of time ,7,5,4,I would ask the AI to digest the problem for me a bit quicker. I waited too long to do so,
p120,Yes,"ChatGPT, Copilot (GitHub), Claude","Generating code, Debugging or troubleshooting, Idea brainstorming",Daily,5,4,Incorrect or irrelevant suggestions,"I prefer working with a peer, since from my personal experience, Github Copilot is one of the worst AI tools out there.",With Copilot because I don't have to explain  my thought process behind every idea that comes to my mind,"Definitely with a peer, while the productivity itself may not be as good, 2 actual brains are way better at writing code in my experience.",I work faster but I wouldn't say the quality of the code is necessarily better too. Its a tradeoff between time and quality,"I definitely trust the solution of my peer more. However when it comes to more ""intelligent modals"" such as o1 of ChatGPT, I trust these solutions more unless I'm working with someone who has a lot of experience","I do retain information more with a peer. Because when I use Copilot I tend so simply copy whatever it throws at me in the hopes that it solves the issue. For this situation however, I haven't really used the peer assistance thus I would say the Copilots solution comes to mind faster",I did struggle a bit because it was the first assignment I had to do. So I basically relied entirely on Copilots answers to solve the problem for me,"The wording was a bit off for the problem, however the hints definitely helped me a bit. Once  figured out that I had to apply the update in the else block everything was clearer.",This was the easiest task to do . I basically just implemented a basic while loop that would increment a variable after every iterations. ,This problem too was a bit trivial. I was a bit scared of my code quality as I could have definitely came up with a more elegant solution. I forgot to use the logger module at first and I was struggling a bit to find a nice format for the logs,I simply  made that class a child of the parent class and I used s super() in the init to have access to all of its methods and attributes. The hint about using existing classes definitely helped ma and saved me a lot of time.,I couldn't finish the problem as the use of a lambda function really threw me off. It was the only time I asked for the other programmers help,5,3,2,I would actually take time to simply read some python and the basics of it just so I don't waste too much time trying to think about trivial things during the evaluation. I would also take the time to learn a bit more about Pycharm as am a VScode user that relies a lot on shortcuts for his productivity,I found a lot of the questions interesting and fun. I would have liked to have a bit more time to read through the codebase to understand what was happening buy maybe this was part of the experience
p121,Yes,"ChatGPT, Copilot (GitHub), Claude","Generating code, Debugging or troubleshooting, Documentation or comments",Daily,4,3,"Incorrect or irrelevant suggestions, Lack of explainability in AI outputs, Ethical concerns about data privacy or security",It depends on the task. For very complex task or big project  I prefer a peer. But for little project GitHub Copilot.,I think it's the same,"Better with copilot. The form is nicer, i can write more verbose comments. It's usually more concise with copilot. ","It depend. For task that are requiring to write a lot of simple code, i will be much faster with copilot. For complex task, it will be faster if i found the correct answer with a peer than if i have to try several times with copilot.","About the same, i will check online to see if the solution looks good for both Copilot or peer.",I retain more information when I'm working with a peer. I think my peer's solution will come to my mind more easily. ,We change is by == if I remember well. My understanding is that == is checking the content and is is checking the object,I don't remember,I add a method that run an infinite while loop of handling request. I initialise a counter at 0 and i stop the loop when the counter is greater or equal to the max number of request or when the server is finished.,If just log f strings in the different cases with the username inside and the information of successful login or not.,In this class we simply use the existing function to retrieve the plugins. With enable=True we have all the enabled ones and with enable= False we have all of them. We use set operations to select the disabled ones.,"First we check if the optional filter list is given. If not, we return all the plugin else, we return only the plugin that are in the filter list. We check if the plugins of the filter list are in the dict of all plugins.",5,4,1,No I don't think i would do anything different.,
p122,Yes,ChatGPT,"Generating code, Debugging or troubleshooting, Documentation or comments, Idea brainstorming",Weekly,3,1,difficulties to explain some complex problems,"A peer, usually the peer already know what are you working with so he'll be able to help more efficiently without proposing not applicable solutions and always have a better solution for complex problems.","Copilot, because generally it help you a lot with small problems so you can go on","Copilot, because it propose the best syntax adapted for the code you gave.","Copilot, because in general it help you write more efficiently the code.","When consulting a peer, in general he have a better idea of the possible impacts of your code.","When it's a peer, because in most of times he'll not read everything so globally he would give a better advice, but copilot will give more sharp advices on the details. ",I changed the operator is by ==,Not done,Not done,"I used the logger method in glances, and logged info when the user is authentified, and logged warning when he's not.",Not done,"not completed, but was trying to use filter on the names that are in the list provided.",5,2,3,"Yeah, i would've watch more my time.",Thank you
p123,Yes,ChatGPT,"Generating code, Debugging or troubleshooting, Idea brainstorming",Daily,4,4,"Incorrect or irrelevant suggestions, Ethical concerns about data privacy or security","GitHub, it is faster and I dont need to explain many context to get my answer",with github since i can ask many question and receive a comprehensive answer,"github, since the code provided by github is more complex and more trusted","Github , the comprehensive answer by github help me top work faster since it provides the whole code section. ","Github, it has access on same and many similar solutions",Copilot,I didnt have to answer,I didnt have to answer,I didnt have to answer,I didnt have to answer,We made a class to access the getlist function and count the total at the end by enable and disable the list function,we add an if two liner to check for plugin,6,5,4,start asking the copilot or peer sooner to finish the task sooner with help,Thank you
p124,Yes,"ChatGPT, Copilot (GitHub), Claude Haiku","Debugging or troubleshooting, Documentation or comments",Occasionally,3,2,"Incorrect or irrelevant suggestions, Difficulty integrating AI suggestions into my workflow, Lack of explainability in AI outputs",The peer can return more nuanced responses which may be more relevant to my coding situation. ,My concentration was better when working with GitHub Copilot because the responses were instant.,"Peer, I can always add precisions if the peer is going in a direction which is far from what I need.","GitHub Copilot, because the responses are faster. Only concern is when working with unfamiliar codebases, I don't exactly know what to ask because I can't precise what I'm working with myself.",I would trust the input of a peer more than GitHub Copilot.,Copilot's.,I didn't solve this problem by lack of time.,I didn't solve this problem by lack of time.,"I created a new function which asked for a limit parameter. I initialized a counter which started at 0. If the counter ever exceeded the limit variable, I called the self.end() function.","Before returning the boolean value of whether the authentication was successful, I saved it to a variable, which allowed me to log it, along with the username, to the console. I also updated the log function with Copilot's recommendations, but I don't think it was necessary, as that function is never called.",I only had time to create the class signature. The class in my solution is empty.,"I added an additional optional parameter for the filtering names. I added an if statement which checks if that parameter exists or not. The else case is what the function was initially. The if case modifies the list comprehension to add an if statement, which only adds the plugin if its name exists in the filter list provided.",9,2,2,"I would try to find documentation for the classes and objects I manipulated during my tasks, that information would've been helpful.",
p125,Yes,Copilot (GitHub),"Debugging or troubleshooting, Documentation or comments",Occasionally,5,5,about the time of responding,Github is faster but peer is more accurate,"yes,it will be help to understand challenges that we face with","no,peer is more acccurate",I think github is faster,"yes,it generates well",Peer,we can use the better method ,we should create a method to get a counter ,we have added the server to run our project better ,we change the operator in the code,I don't have any solution right now,I don't have any solution right now,7,4,3,"yes,I will do that",Thank you for your experiment
p126,Yes,"ChatGPT, Copilot (GitHub), Gemini","Generating code, Debugging or troubleshooting, Documentation or comments, Idea brainstorming",Daily,4,4,Incorrect or irrelevant suggestions,Github Copilot,Github Copilot,Github Copilot,GitHub Copilot,GitHub Copilot,Peer,Don't remember,Don't remember,Don't remember,"I check if the password matches with username if no, I log unsuccessful if yes, I log successful.  ","I created a constructor and two functions, one that returned all active plugins and 1 returned all inactive plugins",I added an optional parameter and verified if it's not null and then if it is I returned all the plugins if not I return the specified plugin form the parameter.,7,2,2,Take more time to understand the code before answering,All good
p127,Yes,ChatGPT,"Generating code, Debugging or troubleshooting, Idea brainstorming",Daily,4,3,"Difficulty integrating AI suggestions into my workflow, Lack of explainability in AI outputs",GitHub Copilot ,"with GitHub Copilot, Im more focus because Im sure that it is close to the best answer and It don't judge me. ",My code is better with github Copilot because It adds commentaries to the code.,I work faster with GitHub Copilot because it often gives me an idea and I develop it.,I trust more my solution when using GitHub Copilot because an human doesn't the memory of an AI.,I retain more information when consulting a peer. The solutions with the peer would come to mind more easily.,I didn't remember it.,I didn't remember it.,I didn't remember it.,I didn't remember it.,"I created three function in the PluginStatistics class. One which verify the active plugin, Other which verify the off plugin and I forgot the last.",I didn't do it.,4,5,5,"Next time, If I have to learn a programming language I will questioning the AI to put me on right path.",
p128,No,I don't use AI.,I don't really use AI tools in programming.,Rarely or never,1,1,Ethical concerns about data privacy or security,"I prefer working with a peer, especially when they know the source code. They can also provide insights regarding the requirements of the software. It's also helping me making sure I write code that respects the intention and/or best practices of the team.","I think my concentration is better when working with a peer. I find GitHub Copilot to often give irrelevant suggestions in my opinion and when I hit TAB accidentally, I need to go back and forth.","I think the quality of the code is better with a peer, since they often know the overall code and the best practices for QA and norms in the team. This helps me making sure I write code that respects what the team wants.","GitHub Copilot helps to write faster, although I think that when it suggests irrelevant content, it slows down the process and can create some confusion.","I trust my solution more when consulting a peer because of their knowledge of the overall code and norms to respect in the development team. They can also provide insight regarding the requirements of the projects, which GitHub Copilot may struggle more.",I retain information about my solution more when consulting peer. The solutions that would come to mind more easily would be my peer's.,"I changed the ""is"" to ""=="" (due to how the hint was implying it was related to an operator.)",I did appended the time.time() result in the list after the operation in the else statement block.,"I didn't have time to finish it but I wanted to make a counter and a limit attributes. Then, the serve_limited method would count each time a new request is handled and when the counter is higher than the limit, it would call the end() method.","I used the logger that was already imported. I stored the password check result in a boolean variable. Then, I used this variable to determine which logging message to show. The logging message showed the username and if the authentication was successful or not.","I created the PluginStatistics class and made it so it would have an instance of the other class in their attributes. Then, I used two separate methods to count the activated and disabled elements (as suggested by my peer). Each of these methods would have only one return statement that would call the other method in the other class that would count the activated and disabled elements.",I didn't complete it.,6,2,5,I would spend less time looking at the overall code and focus more on the single method that we were asked to work on.,
p129,Yes,"ChatGPT, Copilot (GitHub)","Generating code, Debugging or troubleshooting, Documentation or comments, Idea brainstorming",Daily,5,4,"Incorrect or irrelevant suggestions, Difficulty integrating AI suggestions into my workflow, Ethical concerns about data privacy or security",Copilot. It doesn't judge! It doesn't know if you lack something or don't know some stuff. It just help and answer your question. It has much wider knowledge. It's much faster. ,"Copilot. I guess with a peer I get a bit nervous. It's a bit weird for me that someone always concentrate on my code. I'm completely ok of asking questions from a peer when I don't know a concept or need help with something, but coding constantly with a peer is a bit weird for me.","Depends on the experience of my peer! Overall I would say Copilot. But if I have a peer who has 25 years of experience in the exact same thing I am doing, I weight their suggestion more than copilot. But for general usage, I'd say copilot is more trustable to me.","Copilot. I for sure code faster with Copilot. However, considering the debug time, maybe if my peer is very experienced, I need very less amount of debugging with them. On the other hand, using AI needs more debugging time. But generally I feel with Copilot I'm faster.","As mentioned before, unless my peer has many years of experience in the exact same thing I'm doing (which rarely is the case), I'd trust Copilot more.",I can't say for sure. In this task I just asked 1 question from Copilot and 1 question from the peer. So based on this experience I don't know which one is closer to my though chain.,I didn't solve this question.,"I added a parameter in the method as a maximum number of times the method should run. I added a counter i. If i exceeds that maximum parameter, it uses the exit() function to exit the program. I also added a debugger to get some info. (I'm not sure if the explanation I just gave is for the question 'get_io_counters method' or 'serve_limited' so I just copy-paste it in both)","I added a parameter in the method as a maximum number of times the method should run. I added a counter i. If i exceeds that maximum parameter, it uses the exit() function to exit the program. I also added a debugger to get some info. (I'm not sure if the explanation I just gave is for the question 'get_io_counters method' or 'serve_limited' so I just copy-paste it in both)",I didn't solve this question.,"I added this class and called another function in it. Based on the output of that function (if true or false), I'd determine the number of active and inactive plugins.","I added a if else statement and added a parameter for the class. If the parameter was not Null, the class returns the data related to those parameter names. If the parameter was Null, it behaves as before and return everything.",7,3,2,"Yup. In the beginning I though the experiment is 3 questions of 5 minutes so I expected to be stopped after 5 minutes. But in reality it was 15 minutes in a row. So I lost time on the first phase. If I knew this, I could answer more questions in phase 1.","I felt the task was a bit harder than what I expected. Jumping right into a project and having 5 minutes to look at a task and understand how the function/class works and be able to modify it was hard! And I guess it's usually not the case. Usually the programmer/debugger spends time to understand the project they wanna work on. Besides, I suggest to change the keyboard layer for each participant, as some may not be familiar with French Canadian layer."
p130,Yes,ChatGPT,"Generating code, Debugging or troubleshooting, Documentation or comments, Idea brainstorming, Sometimes I'm just bored, I liked to mess around, have a bit of fun.",Daily,2,3,"Incorrect or irrelevant suggestions, Difficulty integrating AI suggestions into my workflow, Lack of explainability in AI outputs, AI makes my learning harder. It's hard to understand some subjects and instead of trying to learn stuff I just depend on the answer of ChatGPT","I think that I like the answer of the peer better. It's a bit more stressful to write to the peer, but the quality of the answer is definitely better. It's hard to trust Copilot's answer.",My concentration is better with the peer. I feel like I can go deeper with it because I know that my questions needs to be well formulated.,The quality of the code working with the peer is definitely better. I wasn't really sure of what I was doing with Copilot and I didn't trust the answers from Copilot so I just kept my own answer.,"I worked was faster with the peer. I was confused with the answer that Copilot gave me. I didn't really care about it either I didn't feel any pressure to get the task done. With the peer, I felt like I really needed to understand before sending a question.","I really don't trust the answers from Copilot. I don't blindly trust the peer answer because I know that if I answer myself to the questions, I might do a mistake. However, if I feel like the person know the subject better than I do, I will trust the answer more than my own. ","I retain much more information when working with the peer. Messages such as ""what line are you not sure about"" really make me question if I truly understand the topic or if I actually need more help to finish the problem. I have a vague idea of what I did with Copilot.",I think that in Python that 'is' operator is not the same as the '==' operator. I am not sure if this was correct.,"For the fallback logic, I only need to import time and the use the function time.time() to generate a timestamp, I'm not able to append the timestamp to the list. ",Didn't do it ,Didn't do it ,Didn't do it ,You needed to filter the elements of the list using a name which is a new parameter to your function. You are suppose to use it to filter the current list. If no variable name was provided you should simply return the default array. ,7,2,3,"I will not be using Copilot. I like the idea of SimpleX, but it also makes things simpler. I hate those tools and I think that they are a waste of time. I like SimpleX way better, but I feel like those tools makes me way slower than simply using Google.",George is the most ambitious person I've ever met. What a man
p131,Yes,ChatGPT,"Generating code, Debugging or troubleshooting, Idea brainstorming",Weekly,4,3,"Difficulty integrating AI suggestions into my workflow, IA don't understood all i want to say ","A peer, because I prefer human contact and I think the communication is better ",with a peer ,"A peer, because she/he take the time to make sure that I understand ",I work faster with peer than copilot ,With a peer ,I retain more easily with a peer explications and peer solutions come back in my mind faster than copilot solutions ,I haven't succeed to solve this method ,I haven't succeed to solve this method ,I didn't had the time to solve this method ,I didn't had the time to solve this method ,"for this one, I thought that I had a idea but I don't remember ",I had to create a filter list function and change the last of return,8,3,4,"No, it was good",Very good experience.
p132,Yes,"ChatGPT, Copilot (GitHub)","Generating code, Debugging or troubleshooting, Idea brainstorming",Occasionally,4,2,"Incorrect or irrelevant suggestions, Lack of explainability in AI outputs, Ethical concerns about data privacy or security",With Copilot because he has a more broad range of answers available than a peer that will most likely have the same set of knowledge as myself.,With Copilot because when working with a peer we often diverge of the task at hand by speaking about other topics.,"I think the quality is equal in both cases, I didn't yet have an ""outstanding"" answer given by Copilot that surprised me by its quality, its mostly average code.","With Copilot, he can generate a full function in a few seconds simply by the function name, or by the context of my current work.","When consulting a peer, because I feel like I understand more the solution since I'm discussing it with someone rather than simply accept the proposed solution by Copilot without really understanding what it does exactly.","I retain more when consulting a peer since I write the whole solution and by talking about it, I remember it for longer than simply pressing ""Tab"" to accept the proposed solution. The peer's solution comes first because I spent more time thinking on it.",I don't remember,Simply add the current timestamp if we're in the default case.,The method takes in as parameter the number of requests it should handle and calls the method that number of times.,I didn't have time to do it.,"The class contained an instance of the other class (I forgot the name) and had two attributes, one for enabled and one for disabled plugins. It also had two getter methods (one for each type of plugins) that called the method of the other class with the corresponding parameter (True/False) and modified the values of its attributes before returning them.",I don't remember.,5,4,2,Split the tabs to avoid going back and forth to reread the questions every few seconds because I forgot the name of the class or the method that I'm supposed to implement,"Excellent researcher, 10/10"
p133,Yes,ChatGPT,"Generating code, Debugging or troubleshooting, Documentation or comments",Daily,4,2,Incorrect or irrelevant suggestions,je préfère github copilot car la réponse est instantanée , je trouve que j'ai la même concentration,je penses qu'avec une personne le code sera plus juste,je pense que github copilot donnera une réponse plus rapidement et j'aurai le temps de la debugger avant que la personne ne génère le code ,je ferai plus confiance à une personne qu'à copilot ,également dans les deux car je relis et je debug à la fin ,je ne me souviens pas ,je ne me souviens pas ,"
je ne me souviens pas ","
je ne me souviens pas ","
je ne me souviens pas ","
je ne me souviens pas ",10,1,2,j'aurais réviser python avant de venir ,
p134,Yes,ChatGPT,"Generating code, Debugging or troubleshooting",Daily,4,2,Incorrect or irrelevant suggestions,avec copilot c'est plus rapide ,c'est la même car dans les 2 cas je relis le code ,avec copilot car j'ai plus de temps pour adapter le code à ce que je recherche ,copilot le code est généré plus rapidement j'ai donc plus de temps pour l'adapter ,avec copilot car même s'il fait des erreurs parfois tu peux lui redemander et les réponses se rapprocheront de ce que je rechercher ,pareil ,je ne me rappelle pas ,j'ai utilisé la fonction getList avec Enable = true et Enable = false pour récupérer les 2 nombres ,je ne me rappelle pas ,je ne me rappelle pas ,je ne me rappelle pas ,je ne me rappelle pas ,7,4,3,réviser mieux mon python ,
p135,Yes,"ChatGPT, Claude sonnet","Generating code, Debugging or troubleshooting, Documentation or comments",Weekly,3,2,"Incorrect or irrelevant suggestions, Difficulty integrating AI suggestions into my workflow","je trouve que parler avec un coequipier est mieux, elle semblait avoir plus de contexte et repondais de facon concise aux questions que je lui posais alors que l'ia produisait beaucoup d'information qui était superflue","avec une binome car je sens l'urgence de reflechir davantage aux propositions qu'elle me donne et de prendre en consideration son aide étant donné que quelqu'un est avec moi, c'est comme si je ne voulais pas lui faire perdre son temps donc je me reflechissais plus, je traduirait ca par une conscience du possible manque de disponibilité de la personne avec qui j'échange donc j'accorde plus de ""valeur"" a cet echange.","je ne crois pas qu'il y aurait une difference notable, la qualité de mon code dépend devantage de mon habitude a écrire du code comprehensible que j'ai adopté ou pas.","avec un binome pour la meme raison que citée dans la question ""Do you think your concentration is better when working with GitHub Copilot or with a peer? Please explain.""","pas vraiment de difference notable, au final j'ai été celle qui ecrit le code j'ai seulement solicité l'aide des ressources, mais si j'avais a trancher ca serait avec l'aide de ma binome car elle m'a été la plus utile","si je devais refaire les questions sans utiliser copilot je pense que je serait capable de les faire toute seule (avec plus de temps, plus de familiarité avec code et une meilleure revision de la syntaxe de python)","j'ai simplement ajouté un message de journalisation log avec le nom de l'utilisateur, cela a été facilité par le completion automatique mais j'aurait fait la meme chose",non applicable,non applicable,non applicable,je pensais faire une methode de la classe PluginStatistics qui retourne un booléen pour savoir si le plugin est bon ou pas (quelquechose du genre isEnable) et une autre methode qui est un compteur qui compte le nombre d'element pour lequel la methode isEnable retourne vrai quand on passe en paramete une structure de donnée (une liste),non applicable,9,2,3,"je reviserai davantage la syntaxe en python car j'ai perdu du temps juste a creuser pour m'en souvenir au lieu de faire les taches, sinon je ferait un survol du code au lieu de me presser a commencer pour lire et comprendre ce qui se passe. ",
p136,Yes,"ChatGPT, Copilot (GitHub)","Generating code, Debugging or troubleshooting",Weekly,3,2,Difficulty integrating AI suggestions into my workflow,"GitHub Copilot, because I do not need to explain my code or copy and paste it to show it to someone. Because of this, it is also faster which I like.","When working with a peer, because I need to be  able to know more in detail what I code to explain it to my peer if I need their help and with Github Copilot I can just throw it some code and I will get an answer","With a peer, because we can think it through with logic and help each other but with Copilot I don't necessarily review the code as much as I do it when coding with a peer so I usually catch bugs more often with peers.","With GitHub Copilot, since I don't need to explain my complete reasoning behind the code as I do with a peer. Also it usually comes up with an answer faster than me and the peer do.","When consulting a peer, because when I work with a peer usually one of us catches the bugs and solves it which doesn't necessarily happen with Copilot.","When consulting a peer, since I need to explain my reasoning behind the code I wrote and it helps me remember it better and I don't do that with Copilot. The solution with my peer would come to mind more easily.",I forgot,I didn't have time to finish up this solution,"I used a while loop and a variable to keep track of the number of requests done by the server and when the number of requests was equal to the limit, I exited the while loop and called the end() method to close the server.",I asked copilot to come up with a solution and to use the logger module since I don't have a lot of experience with it and copy-pasted it in the code,"I added two static methods, one to get the total number of plugins with enable=False and the other to get only the active plugins with enable=True ",I didn't have time to complete this,7,3,1,"I would use Copilot more, since for me the tasks where we were allowed to use GitHub copilot were harder than the ones where we were allowed to ask a peer. I also lost too much time hesitating about things while doing tasks, which made it so that I didn't finish all of the tasks.",
p137,Yes,"ChatGPT, Copilot (GitHub)","Generating code, Debugging or troubleshooting, Documentation or comments",Daily,5,5,"Incorrect or irrelevant suggestions, Lack of explainability in AI outputs","peer , cause he understand more quickly and get you to the straight point  ","peer, cause at any time I don't need to ask again or explain like the copilot","copilot, maybe peer is faster but copilot give the shortest way to the solution ","peer, cause as explaining to humane is easy to get to the point and suggest fastest method ","peer, GitHub follow your idea and give u suggestion of the code even your logic of coding is false",peer more than copilot,je l'ai pas fait,je l'ai pas fait,je l ai pas fait,je l ai pas fait,je l ai pas fait,je l ai pas fait,8,1,4,i would focus more on the each to do seperetly,
p138,Yes,"ChatGPT, Copilot (GitHub), Claude","Generating code, Debugging or troubleshooting",Weekly,2,3,"Incorrect or irrelevant suggestions, Lack of explainability in AI outputs",I prefer working with a peer because I feel like they can explain better and know exactly what I need help with.,With a peer because I feel like it is more interactive than reading off of a website or software.,With a peer since I understand what my peer explains to me more than what Copilot says.,With a peer because they explain better and usually I prefer understanding the code I'm writing instead of just using it to solve my problem.,When consulting a peer for the same reason I stated in the last question.,I retain information better when asking my peer for the same reason as the question above. My peer's solution would come to mind more easily for that reason.,We needed to verify if the values were equal and not that they were the same.,Did not answer,"Did not answer the question, but I was going to use an if statement to verify if the amount of requests was past a set limit. It would result in calling the end method.",Did not answer,"Did not finish, but I was going to implement getters for the amount of active an disabled plugins.",We needed to verify if the values were equal and not that they were the same.,7,2,4,I would not do anything differently.,
p139,Yes,ChatGPT,"Generating code, Debugging or troubleshooting, Documentation or comments, Idea brainstorming",Daily,4,3,Incorrect or irrelevant suggestions,GItHub. i trust more a copilot.,a peer because I need to focus on what I am doin or asking,GitHub because a copilot know more than a peer,With copilot I work faster because it generate the code faster.,I trust more the copilot. ,I did not have the time for the part with peer but I guess I could retain more with peer because I spend more time with the peer to explain the problem.,I don't remember ,I don't remember ,I don't remember ,I did not do that,I did not do that,I did not do that,7,4,4,I will go faster ,no
p140,Yes,"ChatGPT, Copilot (GitHub)","Generating code, Debugging or troubleshooting, Idea brainstorming",Weekly,3,3,Incorrect or irrelevant suggestions,"GitHub Copilot, it is faster and the responses are more detailed","The concentration when working with the peer because the explain in a way for the peer the understand, with the copilot I usually copy and paste the instructions and the code for suggestions or solutions.","The quality of the code is higher with the Copilot usually, because its solutions and code are most of times optimized",I work faster with Copilot because it gives the solutions ready to be copied and pasted,"I trust the solution more when I work it out with a peer, and even if I use the copilot I still go through and check the correctness at every steps","I retain more when consulting a peer and asked to solve the tasks again, it's the solutions with the peer that would come to mind more easily","I didn't have the time to complete the code writing, my solution was to add to plist (the list of status used in the lambda function) the edge cases.",My solution consisted to first get the time stamp at the default initialization and then append it after the tag,I did not have enough time to explore the question,"I did not finish the question, but the solution schema was to check the authentification of the user name and return a warning if it not correct",I did not have enough time to explore the question,"I added a filter_list of plugins as parameter initialized by None
In the case any list is given, the function return only the stats of the specified plugins (we also check for every element in the list if it exist in the _plugin dictionary)
When filter_list  is None, we return the stats for all the plugins",7,3,4,"Yes, be more aware of the time constraint to explore all the questions.",No
p141,Yes,ChatGPT,Mathematics homework,Rarely or never,1,3,Incorrect or irrelevant suggestions,"I felt a better flow in communication when talking with a peer. While Copilot's answers were accurate and pretty easy to understand, it seemed like the peer wanted to truly help me and understand the code at the same time as me. I definitely preferred the latter.","I did not feel like my concentration was better with one or another. However, I felt like I did not want to waste the peer's time or ask her too many questions. This made me more nervous and more inclined to really try and understand the questions by myself.","I think that the quality of my code is better when working with a peer. GitHub Copilot did not seem to take into account many of the functions already implemented in the provided code. It might have been because of a mistake in my questions, but I feel like the peer was much more considerate of everything that is needed to answer the question and will ""see"" the project in a way similar of the one of the user (me). ","In this case, I feel like I work faster with GitHub Copilot. Since I was nervous trying to understand the question when working with a peer, my brain was more in a ""panic"" mode than a ""comprehension"" mode. Working with Copilot allowed me to take the time I needed to understand the question, since the AI will never have to wait for me or be overwhelmed by my questions.","I definitely trust my solution more when consulting a peer. I think that GitHub copilot could have difficulty following my work process and memorizing what issues I am facing when working. This could lead to a solution with a lack of good flow and consistence. However, I feel like the peer has a better understanding of the problem and a better recollection of my progress in the problem.","I would retain more information from the peer. In my case, this would be because I asked some questions about it and because I had to fix some (intentional or not) typos in her solution. I remember Copilot's solution less since I used them pretty much directly without a lot of changes.",I did not manage to reach this question.,"When the io_counters procedure was initiated to their original values in the ""else"" block of the method main's else-if, I added the peer's code after the line to add the required timestamp.","I could only manage to add a simple counter to the function. Copilot suggested that I use a while loop to check if the counter was below the limit, which I was probably going to do.",I did not manage to reach this question.,"I could only manage to create the class' head, 3 attributes and the head of the __init__ function. I did not know where to start and I asked the peer, who started explaining it to me. I did not have time to finish.","I first checked if the filter_list was provided in the function's parameters. If so, I checked if each plugins was in the filter_list. When it was, I added them to a temporary list that I then returned. If no filter_list was provided, I returned the raw plugins list.",8,3,5,I would probably ask questions directly to Copilot or the peer when starting. I may have waited too long trying to understand something that was too difficult for my level. ,"As mentioned above, my skill level for these tasks may have been too low for this. I hope that the results will still be useful! "
p142,Yes,"ChatGPT, Copilot (GitHub)","Generating code, Debugging or troubleshooting, Idea brainstorming",Daily,4,4,"Incorrect or irrelevant suggestions, Difficulty integrating AI suggestions into my workflow","For daily tasks, Copilot since it's much faster and more efficient. For code-review procedures I prefer to rely on a peer rather than AI stuffs.","Copilot might be better since it already know what's happening in the code (based on my coding structure, the relations among the classes/methods, etc.).","Depending on the peer, I guess using with a peer might have more quality.","Of course with Copilot due to its much faster pace for generating code, debugging, etc. Using a peer is only better when it comes to code-review, as we may put more time and precision.","Again, depending on the peer, it might be more secure to go with a peer. However, as a daily-basis task, Copilot is my preference.","I guess Copilot since I have seen a significant number of solutions provided from it, so I might be more familiar with its coding characteristics.",I didn't have time to finish this task :(,"When initializing the counters, I appended a timestamp of current time using time.time() to the counters list. ","I added two class variables, which represented the current number of requests along with the threshold of requests. However, as I'm now writing this text, I do remember that I forgot to put a statement to increase the number of handled requests in the while loop. So, if you were checking it, consider that :D",I added three logging statements: 1) one `info` level logging for successful authentication of the user and 2) two `error` level loggings for a) not found user (in the dict) and b) wrong username or password,I didn't have time to implement this class :(,"I introduced a method parameter (Optional[List[str]]), which the user could indicate which plugins should be processed (if given any)",3,4,1,"No, I guess I'll do the same procedure, but maybe put more time on understanding the tasks rather than implementation phase. ","No, it was a cool study :D"
p143,Yes,"ChatGPT, BlackBox","Generating code, Debugging or troubleshooting",Weekly,4,3,"Incorrect or irrelevant suggestions, Lack of explainability in AI outputs","A peer, I feel like a peer can understand more what I'm trying to say and can help me find the solution by giving me hints and explaining better.","With a peer, because I know that someone is here waiting to help me, so I'm more concentrated in my work.","A peer, because sometimes AI doesn't understand all the parts of the code and suggests random things.",With a peer because we are both trying to find the solution and we both think about it.,A peer when he or she is more experienced because as I said before sometimes AI suggests random things and can't make links between all the files/ parts of the code.,My peer's because it's not just a bot that gave me a solution that I copied.,Do not remember,Don't remember,"I put a request_count = 0 , a limit argument and I used a while loop to check is the count was less than limit to use the finished method and increase the request_count by one, and outside the while I called the end method",Did not do it.,did not do it.,do not remember,7,3,4,Ask more questions,
p144,Yes,"Mistral, Pascal","Generating code, Debugging or troubleshooting, Documentation or comments, Idea brainstorming",Daily,4,3,"Incorrect or irrelevant suggestions, Ethical concerns about data privacy or security, Ensuring no company info is shared with the AI","GiyHub Copilot, less ''shame'' when asking a question. And you can ask multiple questions back to back. ","With peer, I need to concentrate more on how to ask my question instead of relying on the fact that I can let the AI try to understand a context from my query.","with GitHub Copilot, the autocomplete help me to keep a proper and whenever I do not know how to start a function it will do it for me. I then just have to verify if it is the function that I really need.","With Copilot, more availability from the AI, as soon as my question is asked I can get an answer and start the resolution process for my issue with some back and forth. The AI can also generate some base code if I give it an idea of the function that I want to write which helps starting.","More from a peer, my peer would have more understanding of the whole context and the solution will be adapted to the whole situation. With the AI, since you cannot give it the whole context, you have to go through the code to ensure that it follows the instruction that you have given to it.",I only asked 1 question to my peer compared to a few questions to Copilot and I do remember better the answer from my peer. Maybe since the question to my peer was more about explaining a part of the code but I still remember the answer while I forgot what Copilot's answers were.,I did not take in charge the edge case handling,I did not do it,i did not do it ,"I wanted to give the user the information required to redo the authentication process. If the username was non existent, the user would get information on that. Otherwise the message would only say that the username and password given do not match.",i did not do it,i did not do it,6,3,2,"AI:I would maybe use it to give me a bullet point resume of each tasks so as to ensure that I understand the entirety of the task from the start. 
Peer :  I would probably ask more questions. This would probably help me get a better understanding of the task and the code since I would have to verbalize it to someone.",give george an A*
p145,Yes,"ChatGPT, Copilot (GitHub)","Generating code, Debugging or troubleshooting",Daily,5,3,None of the above,"Copilot. Peer is slower, I feel like I need to be nicer rather than task oriented. The answers are likely less correct due to Copilot being better for syntaxic type questions (at least that's my impression) so I'm forced to think more while exchanging with a peer to validate the correctness.","Copilot, I don't have to be nice and the answers are much faster. In the experiment, I had to move onto another question to give time to the peer to answer my question. This made it so I had an extra context switch when I finally got my answer, decreasing my concentration.","Neither, code quality is related to personal experience and likely you knowledge of the language. Someone can't know if their code quality is good if they don't understand the code. Therefore, if you're fed answers by Copilot or a peer, you still need to validate the quality of the code and inexperienced programmers do not take this into consideration and write bad code!","Faster with copilot. Answers are faster and more in depth than the peer because copilot is generally more verbose. This is advantageous when a solution is not entirely correct from Copilot, we can look into the explanation and understand a little bit better it's rationale for the output.","Neither, I would be inclined to test both similarly. Copilot can enable me to write code faster, but the due diligence verification will still be the same given that it doesn't understand the full context of the problem.",The peer solution will likely yield better results but this is probably due to the fact that it takes longer to solve the problem and therefore we need a better understand of the underlying mechanisms to do it. This is not true for Copilot and not understanding the code isn't as big of an obstacle therefore allowing someone to not understand and remember their solution.,"Because I could not debug the code, I didn't understand what the status output looked like and therefore had difficulty handling edge cases here. I created a function to handle all the edge cases. But I had one edge case because I didn't understand the problem. ",I just appended a value to the list with the time when the else condition was verified.,"In the constructor, I added two attributes. One of the attributes was to count the requests, the other attribute was a threshold for the requests. I then copied the implementation for serve_(i dont remember the name) and then added the condition such that the request count had to be less than req threshold, otherwise it ended the loop. I also incremented the req_count for each handler call.","I added the time to the request and the user name in the logger. I wasn't sure about which components were in the logger or what the specific expectation was, so I called the logger debug with the necessary information",I just called a function from another class. I didn't really implement anything more than a new class with a constructor that contained an attribute for the proc_count.,Not done,2,2,1,"Not really, I couldn't debug the code so it would be difficult to act differently to be more efficient",
p146,Yes,"ChatGPT, Copilot (GitHub)","Generating code, Debugging or troubleshooting, Documentation or comments, Idea brainstorming",Occasionally,3,4,"Incorrect or irrelevant suggestions, Ethical concerns about data privacy or security","GitHub Copilot, because it is faster in generating responses, more detailed ones as well, and it generates code immediately","With a peer because when working with copilot I don't read all the generated text, and with a peer I pay attention to details","With copilot, because copilot gives detailed explanations and specially commentaries ",With Copilot because the answers are generated faster,"When I am with a peer, because the peer has more experience and we can discuss about it",When consulting a peer. I would solve my solutions with Copilot,I don't think I did it,I  haven't succeeded to do it,I don't think I did it,I  haven't succeeded to do it,I don't think I did it,I  haven't succeeded to do it,9,5,5,I would go directly to the functions  and try to understand directly the functions,
p147,Yes,ChatGPT,"Generating code, Debugging or troubleshooting, Documentation or comments",Daily,4,3,"Incorrect or irrelevant suggestions, Difficulty integrating AI suggestions into my workflow, Lack of explainability in AI outputs",With a peer because I have a better understanding of the code I am writing than with AI.,"When working with a peer, my concentration is better because the exchange with a human is more productive and when I want to understand what I am doing, I am more focused on the task.",With a peer because the code is more authentic. ,with GitHub Copilot because the AI generates rapidly the code and I can ask multiple times for a solution quickly.,"when consulting a peer because sometimes, with AI, I don't really understand the code I am writing (I only copy the code the AI gives me without trying to understand).","I retain information better when consulting a peer, because the exchange with a human is more ""memorable"" because we work together to find the solution. If I had to solve the task again, I would do it with a peer.",I didn't do it,I didn't do it,"def serve_limited(self, limit)
count = 0 
while ...(i dont remember)...and  count < limit :
count  += 1
self.end()",I didn't do it,I don't remember,I didn't do it,7,3,4,"Don't waste to much time reading again and again the instruction, but rather try to code something by myself and ask questions if it doesn't work.",No
p148,Yes,"ChatGPT, Copilot (GitHub)","Generating code, Debugging or troubleshooting, Documentation or comments, Idea brainstorming",Daily,4,3,"Incorrect or irrelevant suggestions, Ethical concerns about data privacy or security","I prefer working with GitHub Copilot because it answers faster than with a peer, also it gives more details in explaining (code examples) but with a peer I spent more time checking if I understood what the person told me (I explained how I translated her explanation into my code while with GitHub it gave me directly the suggestion so I could move on faster)
Also I prefer Copilot because I don't hesitate to ask a question, while with a peer, I hesitated before asking (maybe it was something easy that I would understand without help)","Yes, knowing that I'm talking to person I pay more attention to what I write, especially not to be rude, while with Copilot, knowing it's just AI I write faster because I don't have to double check if I was being rude for example ","It depends, with a peer, when I show a part of my code, she noticed some other problems and suggested to me better ways to do it, so the final result would be better, but when Copilot suggest the using of a certain function, it gives me the code line and the best way to use it","Yes I work faster with GitHub, it's related to the previous questions: since I don't pay attention to if I'm being rude, the conversation goes faster with Copilot, also I don't have to double check what I understood with Copilot",I think it's the same because neither of the two have the whole picture of my code so I have to adjust whatever both of them give me. I think it's more about the time it takes ,Since I spent more time debugging the solution I did with a peer I think I remember this solution more ,"I used the function time() already implemented to update a new attribute ""timestamp"" each time the count was reset  to 0",I don't remember what I have done ,I didn't get to this one ,I used the logging.info function to write a message in each of the cases,"I created a class with the attributes nActivePlugins and nInactivePlugins and used the function in the class Stats (I forgot the name of the function because I only copied it each time) to  get the total number of plugins and the number of active ones, and found the number of inactive plugins with a subtraction","I didn't finish the function but I started by a parameter filter_list and gave it a default value None, if the value is None I return the same thing, if not I was going to change the logic but didn't have time ( I read what was asked to do but since I didn't start coding I didn't think about it or how to do it so I forgot)",4,5,3,"In the second part, I would have asked questions sooner ",
p149,Yes,"ChatGPT, Copilot (GitHub)","Generating code, Idea brainstorming",Occasionally,3,4,None,GitHub Copilot because GitHub Copilot is faster and more precise,Better with GitHub Copilot because I don't have to worry about communication as much as when I am coding with a peer,With GitHub Copilot because GitHub Copilot writes quality code for me,Faster with GitHub Copilot because I don't have to worry about communication as much as when I am coding with a peer,When using GitHub Copilot because GitHub Copilot is more precise,"It is easier to retain information about my solution with a peer because the peer doesn't give me the code but helps me write it, so the action of writing helps me memorize my code.",I didn't do it,I put time.time() at the start of the else bloc and at the end.,I didn't do it,I didn't do it,I didn't do it,I forgot,9,2,2,I would get to the questions faster to be able to complete more questions. And I would ask more questions to copilot.,
p150,Yes,"ChatGPT, Copilot (GitHub), gemini","Generating code, Debugging or troubleshooting",Daily,3,3,"Incorrect or irrelevant suggestions, Lack of explainability in AI outputs","Copilot for debugging, code syntax or other code related questions but peer for conceptual stuff",Copilot since it is very straightforward (ie: question-answer),Peer. Copilot generates too many errors,Copilot unless I am stuck and need someone's actual experience,"Peer. Again, too many errors from Copilot.","Peer, since I understand what is proposed, it is explained to me.",I don't remember.,I didn't have time to add the checkPassword method to verify it.,I didn't have time to do it.,I added logger.log(username) to log the username.,Didn't have time to do it.,"I added a parameter set to 0 by default and if it was set to 0 I called the same method that was already called, but with the value set to true instead of false to only return the active ones.",7,4,4,"In the optional filtering in the getAll function, I realize now that the if should've checked if the parameter was not 0 (param != 0).",I didn't remember much of the python knowledge I had...